epoch,accuracy,auc,loss,precision,recall,val_accuracy,val_auc,val_loss,val_precision,val_recall
0,0.6195574402809143,0.812391996383667,0.6309343576431274,0.5697177052497864,0.9568965435028076,0.8333333134651184,0.9367996454238892,0.4799981117248535,0.807692289352417,0.8513513803482056
1,0.8072805404663086,0.8862894773483276,0.429327130317688,0.81886225938797,0.7859195470809937,0.8461538553237915,0.9598714709281921,0.3642261326313019,0.7840909361839294,0.9324324131011963
2,0.8543897271156311,0.9327239990234375,0.3463127613067627,0.8716012239456177,0.829023003578186,0.8333333134651184,0.9542683362960815,0.3603825569152832,1.0,0.6486486196517944
3,0.8558172583580017,0.9299808144569397,0.34278279542922974,0.894568681716919,0.8045976758003235,0.8910256624221802,0.9568226933479309,0.26908472180366516,0.9130434989929199,0.8513513803482056
4,0.8543897271156311,0.9340822696685791,0.33291709423065186,0.8843749761581421,0.8132184147834778,0.9038461446762085,0.9612722396850586,0.2765863835811615,0.9154929518699646,0.8783783912658691
5,0.8829407691955566,0.951062798500061,0.2934410274028778,0.9130434989929199,0.8448275923728943,0.8846153616905212,0.9794001579284668,0.24125847220420837,0.9666666388511658,0.7837837934494019
6,0.8786581158638,0.9414659142494202,0.30543097853660583,0.918789803981781,0.829023003578186,0.9102563858032227,0.9522082805633545,0.2775161564350128,0.9411764740943909,0.8648648858070374
7,0.8829407691955566,0.9500998258590698,0.29078495502471924,0.9130434989929199,0.8448275923728943,0.8205128312110901,0.9496539235115051,0.3779211640357971,0.9791666865348816,0.6351351141929626
8,0.8900785446166992,0.9546149969100952,0.2794462740421295,0.9274448156356812,0.8448275923728943,0.8782051205635071,0.9789881706237793,0.22429099678993225,0.9508196711540222,0.7837837934494019
9,0.8893647193908691,0.95548015832901,0.2769688665866852,0.9142419695854187,0.857758641242981,0.8782051205635071,0.9720665812492371,0.2750205099582672,0.9824561476707458,0.7567567825317383
10,0.9036402702331543,0.962385892868042,0.25855162739753723,0.9205397367477417,0.8821839094161987,0.8782051205635071,0.9753625392913818,0.27993613481521606,0.9824561476707458,0.7567567825317383
11,0.8843683004379272,0.9502006769180298,0.2892577052116394,0.9120370149612427,0.8491379022598267,0.8846153616905212,0.9731377363204956,0.23760142922401428,0.982758641242981,0.7702702879905701
12,0.9150606989860535,0.9698602557182312,0.23197278380393982,0.9274073839187622,0.8994252681732178,0.8782051205635071,0.9813777208328247,0.22532404959201813,0.9661017060279846,0.7702702879905701
13,0.9129193425178528,0.969538152217865,0.2324601411819458,0.9415384531021118,0.8793103694915771,0.9230769276618958,0.9831905364990234,0.21344497799873352,0.9189189076423645,0.9189189076423645
14,0.9150606989860535,0.9732605218887329,0.218003511428833,0.9274073839187622,0.8994252681732178,0.9358974099159241,0.979564905166626,0.1985468566417694,0.9444444179534912,0.9189189076423645
15,0.8979300260543823,0.9619141221046448,0.25180378556251526,0.9145427346229553,0.8764367699623108,0.8974359035491943,0.978740930557251,0.2212647646665573,0.939393937587738,0.837837815284729
16,0.9093504548072815,0.9718441963195801,0.21649017930030823,0.9239940643310547,0.8908045887947083,0.8717948794364929,0.9736322164535522,0.2748926281929016,0.9821428656578064,0.7432432174682617
17,0.9193433523178101,0.9733951091766357,0.21598821878433228,0.9370315074920654,0.897988498210907,0.8974359035491943,0.9817897081375122,0.21072906255722046,0.953125,0.8243243098258972
18,0.9207708835601807,0.9776259660720825,0.19667014479637146,0.935916543006897,0.9022988677024841,0.9166666865348816,0.9836848974227905,0.19719518721103668,0.9552238583564758,0.8648648858070374
19,0.9207708835601807,0.9746871590614319,0.20217087864875793,0.9346210956573486,0.9037356376647949,0.8974359035491943,0.9811305403709412,0.22905714809894562,0.9677419066429138,0.8108108043670654
20,0.9321913123130798,0.9809255599975586,0.17784278094768524,0.9505247473716736,0.9109195470809937,0.9230769276618958,0.9853328466415405,0.18236881494522095,0.9428571462631226,0.8918918967247009
21,0.9193433523178101,0.9708027839660645,0.2150290310382843,0.9305760860443115,0.9051724076271057,0.8910256624221802,0.9793176651000977,0.2412509173154831,0.9672130942344666,0.7972972989082336
22,0.9364739656448364,0.9819332957267761,0.17673185467720032,0.9509658217430115,0.9195402264595032,0.8974359035491943,0.9814601540565491,0.22199249267578125,0.9677419066429138,0.8108108043670654
23,0.9221984148025513,0.976413369178772,0.1973104029893875,0.9413533806800842,0.8994252681732178,0.8846153616905212,0.9760217666625977,0.23973819613456726,0.9516128897666931,0.7972972989082336
24,0.9300499558448792,0.9822002649307251,0.1722695231437683,0.9503012299537659,0.9066091775894165,0.9038461446762085,0.981624960899353,0.21450890600681305,0.9538461565971375,0.837837815284729
25,0.9421841502189636,0.9858971834182739,0.15602846443653107,0.9555555582046509,0.9267241358757019,0.8910256624221802,0.9831904768943787,0.23200389742851257,0.9672130942344666,0.7972972989082336
26,0.9300499558448792,0.9771082401275635,0.18974490463733673,0.9436202049255371,0.9137930870056152,0.8846153616905212,0.9772577285766602,0.24484138190746307,0.9375,0.8108108043670654
27,0.940756618976593,0.9852154850959778,0.15837499499320984,0.9567809104919434,0.9224137663841248,0.8974359035491943,0.9837672710418701,0.1922757476568222,0.939393937587738,0.837837815284729
28,0.9436116814613342,0.9871596693992615,0.1456674337387085,0.9570370316505432,0.9281609058380127,0.9166666865348816,0.9843440651893616,0.19005601108074188,0.9552238583564758,0.8648648858070374
29,0.9357602000236511,0.980256974697113,0.17517247796058655,0.941690981388092,0.9281609058380127,0.8974359035491943,0.9781641960144043,0.2223026603460312,0.9264705777168274,0.8513513803482056
0,0.6348074078559875,0.7662714123725891,0.6385312676429749,0.5855262875556946,0.8976945281028748,0.8205128312110901,0.9155022501945496,0.5039825439453125,0.8656716346740723,0.7532467246055603
1,0.7960057258605957,0.8659881353378296,0.4686928689479828,0.8035714030265808,0.7780979871749878,0.8461538553237915,0.9365444779396057,0.3612460494041443,0.9076923131942749,0.7662337422370911
2,0.843794584274292,0.9277554154396057,0.3549257814884186,0.8787878751754761,0.7939481139183044,0.8397436141967773,0.94427090883255,0.3481104075908661,0.9642857313156128,0.701298713684082
3,0.8273894190788269,0.9178827404975891,0.37125349044799805,0.8692810535430908,0.7665706276893616,0.8333333134651184,0.9316948652267456,0.4328746199607849,0.7684210538864136,0.948051929473877
4,0.8459343910217285,0.9239211082458496,0.3652103543281555,0.8805732727050781,0.7968299984931946,0.8333333134651184,0.9473121762275696,0.34834009408950806,0.9636363387107849,0.6883116960525513
5,0.8601996898651123,0.9380830526351929,0.3307854235172272,0.8939873576164246,0.8141210079193115,0.8653846383094788,0.9518330097198486,0.29460176825523376,0.8999999761581421,0.8181818127632141
6,0.8823109865188599,0.9537897706031799,0.2886562943458557,0.9113530516624451,0.8443803787231445,0.8717948794364929,0.9413940906524658,0.31535622477531433,0.8701298832893372,0.8701298832893372
7,0.8873038291931152,0.9498628973960876,0.29266801476478577,0.9110429286956787,0.8559077978134155,0.8846153616905212,0.9533125162124634,0.2903827428817749,0.9538461565971375,0.8051947951316833
8,0.8808844685554504,0.9527690410614014,0.2825905680656433,0.908527135848999,0.8443803787231445,0.8589743375778198,0.9529837369918823,0.29636186361312866,0.9508196711540222,0.7532467246055603
9,0.8901569247245789,0.9578652381896973,0.2720642387866974,0.9141104221343994,0.8587896227836609,0.8653846383094788,0.9518330097198486,0.2923133075237274,0.9516128897666931,0.7662337422370911
10,0.8844507932662964,0.9546810984611511,0.2851822078227997,0.9182389974594116,0.8414985537528992,0.8782051205635071,0.9623541235923767,0.27790191769599915,0.939393937587738,0.8051947951316833
11,0.8844507932662964,0.9557618498802185,0.28049176931381226,0.9130434989929199,0.8472622632980347,0.8525640964508057,0.9575867056846619,0.31613123416900635,0.9655172228813171,0.7272727489471436
12,0.8865906000137329,0.9543015956878662,0.2840504050254822,0.9212598204612732,0.8429394960403442,0.8653846383094788,0.961449921131134,0.28108087182044983,0.9375,0.7792207598686218
13,0.9037089943885803,0.9643697142601013,0.2541852295398712,0.9280245304107666,0.8731988668441772,0.8974359035491943,0.9573401212692261,0.28732654452323914,0.8765432238578796,0.9220778942108154
14,0.8994293808937073,0.9614940285682678,0.2567109167575836,0.9286821484565735,0.8631123900413513,0.8589743375778198,0.9508466124534607,0.35522666573524475,0.9824561476707458,0.7272727489471436
15,0.8730385303497314,0.9464365243911743,0.29980817437171936,0.9043887257575989,0.8314120769500732,0.8525640964508057,0.9621897339820862,0.3212154507637024,0.949999988079071,0.7402597665786743
16,0.9008558988571167,0.9663214683532715,0.25334590673446655,0.9289026260375977,0.8659942150115967,0.8653846383094788,0.9667927026748657,0.26986780762672424,0.9375,0.7792207598686218
17,0.9029957056045532,0.9660202860832214,0.24374814331531525,0.917664647102356,0.8832852840423584,0.8717948794364929,0.9522439241409302,0.3437630236148834,0.9830508232116699,0.7532467246055603
18,0.9044222831726074,0.9661586284637451,0.2411879301071167,0.9307692050933838,0.8717579245567322,0.8974359035491943,0.9473943710327148,0.30358192324638367,0.9178082346916199,0.8701298832893372
19,0.8980028629302979,0.9638833403587341,0.24746902287006378,0.9231950640678406,0.8659942150115967,0.8846153616905212,0.9580798745155334,0.27390167117118835,0.9402984976768494,0.8181818127632141
20,0.9058488011360168,0.968194842338562,0.23440594971179962,0.9283536672592163,0.8775216341018677,0.8717948794364929,0.9503534436225891,0.29529479146003723,0.9384615421295166,0.7922077775001526
21,0.9079886078834534,0.9652693271636963,0.23974095284938812,0.92738276720047,0.8832852840423584,0.8012820482254028,0.9381884336471558,0.43587526679039,0.9791666865348816,0.6103895902633667
22,0.890870213508606,0.9588014483451843,0.2619594633579254,0.9155145883560181,0.8587896227836609,0.8782051205635071,0.94270920753479,0.2974485754966736,0.939393937587738,0.8051947951316833
23,0.9208273887634277,0.9712762236595154,0.22033728659152985,0.9450381398200989,0.8919308185577393,0.8653846383094788,0.9592306613922119,0.33603379130363464,0.9666666388511658,0.7532467246055603
24,0.9044222831726074,0.9669870138168335,0.23485298454761505,0.928134560585022,0.8746397495269775,0.8653846383094788,0.9641624689102173,0.29872366786003113,0.9516128897666931,0.7662337422370911
25,0.9122681617736816,0.9712843894958496,0.22216758131980896,0.9267563819885254,0.8933717608451843,0.8589743375778198,0.9590662121772766,0.34554779529571533,0.9508196711540222,0.7532467246055603
26,0.9122681617736816,0.9723904728889465,0.2155616581439972,0.9358778595924377,0.8832852840423584,0.8846153616905212,0.9658063650131226,0.2690008878707886,0.9402984976768494,0.8181818127632141
27,0.9115549325942993,0.9682294726371765,0.23653507232666016,0.9384615421295166,0.878962516784668,0.8846153616905212,0.9516685605049133,0.2895878553390503,0.9275362491607666,0.8311688303947449
28,0.9158345460891724,0.9694709777832031,0.22600539028644562,0.9390243887901306,0.8876080513000488,0.8782051205635071,0.9552852511405945,0.2941072881221771,0.939393937587738,0.8051947951316833
29,0.9158345460891724,0.9746953248977661,0.21087807416915894,0.9376899600028992,0.8890489935874939,0.8910256624221802,0.9550386667251587,0.28385046124458313,0.9285714030265808,0.8441558480262756
0,0.6626248359680176,0.8612889647483826,0.574245810508728,0.5987654328346252,0.9741750359535217,0.8782051205635071,0.9540210962295532,0.43482375144958496,0.8313252925872803,0.9324324131011963
1,0.8601996898651123,0.9247514605522156,0.36221882700920105,0.8824427723884583,0.8292682766914368,0.8653846383094788,0.9552571177482605,0.3053205609321594,0.9344262480735779,0.7702702879905701
2,0.8694722056388855,0.9462406635284424,0.3169451951980591,0.901562511920929,0.8278335928916931,0.9166666865348816,0.9473466873168945,0.3129730224609375,0.9295774698257446,0.8918918967247009
3,0.8737517595291138,0.9495303630828857,0.29799869656562805,0.9100946187973022,0.8278335928916931,0.8461538553237915,0.959541916847229,0.3129538893699646,0.9464285969734192,0.7162162065505981
4,0.8851640224456787,0.9536371827125549,0.2860415577888489,0.9227129220962524,0.8393113613128662,0.8461538553237915,0.9630026817321777,0.30750879645347595,0.9464285969734192,0.7162162065505981
5,0.8730385303497314,0.9523723721504211,0.2929917871952057,0.908661425113678,0.8278335928916931,0.8205128312110901,0.9635794162750244,0.35386350750923157,0.9599999785423279,0.6486486196517944
6,0.8566333651542664,0.9424717426300049,0.31532007455825806,0.891167163848877,0.8106169104576111,0.807692289352417,0.9625082015991211,0.3935489058494568,0.9583333134651184,0.6216216087341309
7,0.8737517595291138,0.9508155584335327,0.29332223534584045,0.9126983880996704,0.8249641060829163,0.8461538553237915,0.9640738368034363,0.29751574993133545,0.9464285969734192,0.7162162065505981
8,0.8823109865188599,0.9557495713233948,0.2817651033401489,0.914330244064331,0.8421807885169983,0.8397436141967773,0.9658041596412659,0.3270527422428131,0.9622641801834106,0.6891891956329346
9,0.8865906000137329,0.9574009776115417,0.27932170033454895,0.9190031290054321,0.8464849591255188,0.8461538553237915,0.9657217860221863,0.29210975766181946,0.9464285969734192,0.7162162065505981
10,0.890870213508606,0.9632101058959961,0.26088473200798035,0.9197530746459961,0.855093240737915,0.8846153616905212,0.962178647518158,0.2776033580303192,0.9516128897666931,0.7972972989082336
11,0.8887304067611694,0.9579524993896484,0.2710748314857483,0.920684278011322,0.8493543863296509,0.8910256624221802,0.9676169753074646,0.2661268413066864,0.9523809552192688,0.8108108043670654
12,0.8944365382194519,0.9572269916534424,0.2699801027774811,0.9255813956260681,0.8565279841423035,0.8589743375778198,0.9681113362312317,0.2814231216907501,0.9482758641242981,0.7432432174682617
13,0.8951497673988342,0.9667298197746277,0.24319104850292206,0.9217791557312012,0.8622668385505676,0.8717948794364929,0.9703361392021179,0.27112770080566406,0.949999988079071,0.7702702879905701
14,0.9051355123519897,0.9685755372047424,0.23284325003623962,0.9338461756706238,0.8708751797676086,0.9166666865348816,0.970995306968689,0.24738486111164093,0.9552238583564758,0.8648648858070374
15,0.8972895741462708,0.9646753668785095,0.24406248331069946,0.9260400533676147,0.8622668385505676,0.9230769276618958,0.9716545343399048,0.244705930352211,0.9428571462631226,0.8918918967247009
16,0.9101284146308899,0.9682661890983582,0.23026849329471588,0.9293233156204224,0.8866571187973022,0.8653846383094788,0.9705010056495667,0.26529359817504883,0.9491525292396545,0.7567567825317383
17,0.8980028629302979,0.9630615711212158,0.24583202600479126,0.9235473871231079,0.8665710091590881,0.8397436141967773,0.96671062707901,0.32120567560195923,0.9622641801834106,0.6891891956329346
18,0.9101284146308899,0.971418559551239,0.2187412530183792,0.9372128844261169,0.8780487775802612,0.9230769276618958,0.9744560718536377,0.23457515239715576,0.9428571462631226,0.8918918967247009
19,0.9172610640525818,0.9729804396629333,0.2151269018650055,0.9381598830223083,0.8923959732055664,0.8782051205635071,0.9695945382118225,0.2514026463031769,0.9365079402923584,0.7972972989082336
20,0.9122681617736816,0.9689520597457886,0.22364212572574615,0.936170220375061,0.8837876319885254,0.8717948794364929,0.9719841480255127,0.25719839334487915,0.949999988079071,0.7702702879905701
21,0.9144079685211182,0.9723739624023438,0.21241435408592224,0.9351432919502258,0.8895265460014343,0.8333333134651184,0.9660513401031494,0.3073279857635498,0.9615384340286255,0.6756756901741028
22,0.9072753190994263,0.9681369662284851,0.2327830195426941,0.9288955926895142,0.8809182047843933,0.8397436141967773,0.9634970426559448,0.3029208183288574,0.9622641801834106,0.6891891956329346
23,0.9208273887634277,0.9738056063652039,0.207302987575531,0.9412650465965271,0.8967001438140869,0.9166666865348816,0.9725610017776489,0.2281172275543213,0.9420289993286133,0.8783783912658691
24,0.9258202314376831,0.9759964346885681,0.195821613073349,0.9485628008842468,0.899569571018219,0.9230769276618958,0.9692649245262146,0.24054233729839325,0.9305555820465088,0.9054054021835327
25,0.9194008708000183,0.9758987426757812,0.19923333823680878,0.9464831948280334,0.8880918025970459,0.8910256624221802,0.9728906154632568,0.24578209221363068,0.9523809552192688,0.8108108043670654
26,0.9300998449325562,0.9781026840209961,0.190511092543602,0.9450222849845886,0.9124820828437805,0.8974359035491943,0.9723137617111206,0.25106725096702576,0.9677419066429138,0.8108108043670654
27,0.9194008708000183,0.9732367396354675,0.20477943122386932,0.9410876035690308,0.8938307166099548,0.8461538553237915,0.9702538251876831,0.30330225825309753,0.9629629850387573,0.7027027010917664
28,0.9215406775474548,0.9755293726921082,0.19663415849208832,0.9467275738716125,0.8923959732055664,0.9230769276618958,0.9701713919639587,0.22633332014083862,0.9428571462631226,0.8918918967247009
29,0.9329529404640198,0.9804786443710327,0.17633593082427979,0.9506726264953613,0.9124820828437805,0.9038461446762085,0.9762688875198364,0.21792346239089966,0.9538461565971375,0.837837815284729
0,0.6419400572776794,0.8367268443107605,0.6024700403213501,0.5862069129943848,0.9512194991111755,0.8205128312110901,0.9058173894882202,0.4365256428718567,0.8709677457809448,0.7297297120094299
1,0.8231098651885986,0.9032571315765381,0.39781081676483154,0.8469861149787903,0.7862266898155212,0.8461538553237915,0.9434739351272583,0.3421241044998169,0.9807692170143127,0.6891891956329346
2,0.839514970779419,0.9141996502876282,0.3730393052101135,0.8769968152046204,0.7876614332199097,0.8653846383094788,0.9557514190673828,0.3179515600204468,0.920634925365448,0.7837837934494019
3,0.8566333651542664,0.9338145852088928,0.34354469180107117,0.9025974273681641,0.7977044582366943,0.8397436141967773,0.9533618688583374,0.33613842725753784,0.9803921580314636,0.6756756901741028
4,0.8630527853965759,0.9393306374549866,0.3253653943538666,0.8902627229690552,0.8263988494873047,0.8910256624221802,0.9512194991111755,0.30006739497184753,0.9014084339141846,0.8648648858070374
5,0.8666191101074219,0.9412538409233093,0.3232913017272949,0.900943398475647,0.8220946788787842,0.8525640964508057,0.9619314074516296,0.31289926171302795,0.9811320900917053,0.7027027010917664
6,0.8666191101074219,0.9446858763694763,0.30843377113342285,0.9034810066223145,0.8192252516746521,0.8974359035491943,0.9622610211372375,0.27320578694343567,0.953125,0.8243243098258972
7,0.8623394966125488,0.9464157223701477,0.30901089310646057,0.8949843049049377,0.8192252516746521,0.8782051205635071,0.9623433947563171,0.2704668343067169,0.9230769276618958,0.8108108043670654
8,0.8651925921440125,0.9415885806083679,0.3080327808856964,0.8981191515922546,0.8220946788787842,0.8589743375778198,0.9598714709281921,0.2844443917274475,0.9482758641242981,0.7432432174682617
9,0.8794578909873962,0.9515979886054993,0.28586405515670776,0.9112149477005005,0.8393113613128662,0.8974359035491943,0.9674521684646606,0.26302453875541687,0.939393937587738,0.837837815284729
10,0.871612012386322,0.9459323883056641,0.31250816583633423,0.9136000275611877,0.8192252516746521,0.9038461446762085,0.9644858241081238,0.2637527287006378,0.9275362491607666,0.8648648858070374
11,0.8787446618080139,0.9499282836914062,0.29474759101867676,0.9110764265060425,0.8378766179084778,0.8653846383094788,0.9688529968261719,0.26185205578804016,0.9344262480735779,0.7702702879905701
12,0.8880171179771423,0.9568148851394653,0.2731146514415741,0.9166666865348816,0.852223813533783,0.8653846383094788,0.9633321762084961,0.29716429114341736,0.9649122953414917,0.7432432174682617
13,0.8837375044822693,0.9554117918014526,0.2795320451259613,0.917187511920929,0.8421807885169983,0.9102563858032227,0.9667930006980896,0.26456037163734436,0.9285714030265808,0.8783783912658691
14,0.883024275302887,0.956415057182312,0.2744189500808716,0.9157566428184509,0.8421807885169983,0.8846153616905212,0.9658042192459106,0.2569594383239746,0.9375,0.8108108043670654
15,0.8922967314720154,0.960303008556366,0.26236093044281006,0.9123867154121399,0.8665710091590881,0.8653846383094788,0.9684410095214844,0.26936209201812744,0.9491525292396545,0.7567567825317383
16,0.8972895741462708,0.9626636505126953,0.2535553276538849,0.9221373796463013,0.8665710091590881,0.8653846383094788,0.9713249802589417,0.25842252373695374,0.9491525292396545,0.7567567825317383
17,0.8930099606513977,0.9583483934402466,0.2646767497062683,0.9240310192108154,0.855093240737915,0.8269230723381042,0.9584706425666809,0.33469778299331665,0.9607843160629272,0.662162184715271
18,0.9029957056045532,0.9607598781585693,0.256110817193985,0.9308755993843079,0.8694404363632202,0.8974359035491943,0.9720665216445923,0.2471044808626175,0.953125,0.8243243098258972
19,0.8951497673988342,0.9596049189567566,0.2580602467060089,0.9217791557312012,0.8622668385505676,0.8205128312110901,0.9513019919395447,0.37056735157966614,0.9791666865348816,0.6351351141929626
20,0.8580599427223206,0.9386895895004272,0.31712305545806885,0.8866459727287292,0.8192252516746521,0.8461538553237915,0.9590474367141724,0.3077026903629303,0.9464285969734192,0.7162162065505981
21,0.9001426696777344,0.9621997475624084,0.2533209025859833,0.9251908659934998,0.8694404363632202,0.8910256624221802,0.9695944786071777,0.2529279887676239,0.9523809552192688,0.8108108043670654
22,0.8980028629302979,0.9643294215202332,0.24631118774414062,0.9184290170669556,0.8723099231719971,0.8846153616905212,0.971407413482666,0.24798786640167236,0.9516128897666931,0.7972972989082336
23,0.9065620303153992,0.9715904593467712,0.2222309559583664,0.9340490698814392,0.8737446069717407,0.8782051205635071,0.9648977518081665,0.2852044105529785,0.9661017060279846,0.7702702879905701
24,0.9029957056045532,0.9696714282035828,0.226094588637352,0.9180327653884888,0.8837876319885254,0.9294871687889099,0.9656394124031067,0.24818214774131775,0.931506872177124,0.9189189076423645
25,0.9087018370628357,0.969819962978363,0.22388313710689545,0.9343511462211609,0.8780487775802612,0.9038461446762085,0.9713249802589417,0.2389753758907318,0.9154929518699646,0.8783783912658691
26,0.9158345460891724,0.9759882688522339,0.20557302236557007,0.9366515874862671,0.8909612894058228,0.9102563858032227,0.9638266563415527,0.26618120074272156,0.9166666865348816,0.8918918967247009
27,0.9208273887634277,0.9745993614196777,0.20724524557590485,0.9347180724143982,0.9038737416267395,0.8717948794364929,0.9667929410934448,0.25471895933151245,0.9354838728904724,0.7837837934494019
28,0.9037089943885803,0.9658302664756775,0.23477719724178314,0.9169139266014099,0.8866571187973022,0.8782051205635071,0.9714897871017456,0.2552030682563782,0.9508196711540222,0.7837837934494019
29,0.9037089943885803,0.970937192440033,0.22327658534049988,0.9323077201843262,0.8694404363632202,0.8974359035491943,0.9689353704452515,0.23236094415187836,0.9264705777168274,0.8513513803482056
0,0.5427960157394409,0.7837989330291748,0.6469104290008545,0.521105170249939,0.9755747318267822,0.8333333134651184,0.9443621635437012,0.5995163321495056,0.75789475440979,0.9599999785423279
1,0.7432239651679993,0.8564795255661011,0.5243290662765503,0.6909090876579285,0.8735632300376892,0.6858974099159241,0.8091357946395874,0.5663009285926819,1.0,0.3466666638851166
2,0.8131241202354431,0.8784383535385132,0.44444864988327026,0.8569079041481018,0.7485632300376892,0.8717948794364929,0.9591768980026245,0.327837198972702,0.9661017060279846,0.7599999904632568
3,0.85948646068573,0.9354567527770996,0.3339531719684601,0.8916797637939453,0.8160919547080994,0.8141025900840759,0.9586007595062256,0.37824496626853943,0.9791666865348816,0.6266666650772095
4,0.8537803292274475,0.9334989786148071,0.3389921188354492,0.8940609693527222,0.8002873659133911,0.8525640964508057,0.9626337885856628,0.3078048527240753,0.9482758641242981,0.7333333492279053
5,0.8758915662765503,0.9463751316070557,0.3028293550014496,0.9116719365119934,0.8304597735404968,0.8974359035491943,0.9583539366722107,0.2842854857444763,0.9538461565971375,0.8266666531562805
6,0.867332398891449,0.9455457925796509,0.30582648515701294,0.8971962332725525,0.8275862336158752,0.8846153616905212,0.9595062732696533,0.2770932614803314,0.9384615421295166,0.8133333325386047
7,0.8758915662765503,0.954236626625061,0.2850537896156311,0.9052795171737671,0.8376436829566956,0.8717948794364929,0.9650205969810486,0.2707847058773041,0.9365079402923584,0.7866666913032532
8,0.883024275302887,0.9504595398902893,0.2963881194591522,0.9156249761581421,0.8419540524482727,0.8717948794364929,0.9677366018295288,0.2722831964492798,0.9230769276618958,0.800000011920929
9,0.8873038291931152,0.9568731188774109,0.2762247920036316,0.9063444137573242,0.8620689511299133,0.8589743375778198,0.9702057838439941,0.30676397681236267,0.9818181991577148,0.7200000286102295
10,0.8837375044822693,0.9543058276176453,0.28329408168792725,0.9157566428184509,0.8433908224105835,0.9038461446762085,0.9620575904846191,0.2655332088470459,0.9285714030265808,0.8666666746139526
11,0.8737517595291138,0.9517355561256409,0.2928350865840912,0.9061033129692078,0.8318965435028076,0.8846153616905212,0.970370352268219,0.26915496587753296,0.9253731369972229,0.8266666531562805
12,0.8808844685554504,0.9496139287948608,0.2971600592136383,0.9062979817390442,0.8477011322975159,0.8653846383094788,0.9593415260314941,0.28858450055122375,0.9655172228813171,0.746666669845581
13,0.8837375044822693,0.958791196346283,0.27548012137413025,0.91190105676651,0.8477011322975159,0.8846153616905212,0.970288097858429,0.2558996379375458,0.9523809552192688,0.800000011920929
14,0.8744650483131409,0.9511972665786743,0.2885676622390747,0.9024767875671387,0.8376436829566956,0.9038461446762085,0.975720226764679,0.2587396800518036,0.9545454382896423,0.8399999737739563
15,0.8965763449668884,0.9641181826591492,0.2555399537086487,0.9297971725463867,0.8563218116760254,0.9038461446762085,0.9694650173187256,0.2539735436439514,0.9285714030265808,0.8666666746139526
16,0.8951497673988342,0.9655742049217224,0.2468055635690689,0.9103139042854309,0.875,0.8846153616905212,0.9735803008079529,0.24438050389289856,0.9384615421295166,0.8133333325386047
17,0.8958630561828613,0.9643043279647827,0.25217291712760925,0.9166666865348816,0.8692528605461121,0.8846153616905212,0.9697942137718201,0.25169768929481506,0.9672130942344666,0.7866666913032532
18,0.8994293808937073,0.9644732475280762,0.24499663710594177,0.9198184609413147,0.8735632300376892,0.8397436141967773,0.9694650173187256,0.31805330514907837,0.9629629850387573,0.6933333277702332
19,0.9022824764251709,0.9630894064903259,0.252689927816391,0.9280245304107666,0.8706896305084229,0.9102563858032227,0.9686419367790222,0.2514486014842987,0.9295774698257446,0.8799999952316284
20,0.9015691876411438,0.9664788246154785,0.23948991298675537,0.921450138092041,0.8764367699623108,0.8717948794364929,0.9755555987358093,0.290382981300354,0.9824561476707458,0.746666669845581
21,0.9151212573051453,0.9702590703964233,0.2273014783859253,0.9418070316314697,0.8836206793785095,0.9038461446762085,0.966008186340332,0.2593722641468048,0.9166666865348816,0.8799999952316284
22,0.8880171179771423,0.9585236310958862,0.2626115381717682,0.9077155590057373,0.8620689511299133,0.8653846383094788,0.9716872572898865,0.28178033232688904,0.9655172228813171,0.746666669845581
23,0.8958630561828613,0.9646493196487427,0.25205713510513306,0.9204893112182617,0.8649425506591797,0.8525640964508057,0.9720988273620605,0.3425397276878357,0.9814814925193787,0.7066666483879089
24,0.9037089943885803,0.9688079953193665,0.23373499512672424,0.9295558929443359,0.8721264600753784,0.8910256624221802,0.9771193265914917,0.2628023028373718,0.9833333492279053,0.7866666913032532
25,0.9115549325942993,0.9702560305595398,0.22478821873664856,0.9307228922843933,0.8879310488700867,0.8846153616905212,0.9772838950157166,0.24967379868030548,0.9672130942344666,0.7866666913032532
26,0.9122681617736816,0.97370845079422,0.21621307730674744,0.9387442469596863,0.8807471394538879,0.8846153616905212,0.9763785600662231,0.22960196435451508,0.9523809552192688,0.800000011920929
27,0.9129814505577087,0.9722157120704651,0.21671780943870544,0.9388379454612732,0.8821839094161987,0.9038461446762085,0.9752263426780701,0.2296506017446518,0.9545454382896423,0.8399999737739563
28,0.9136947393417358,0.9679186344146729,0.22873033583164215,0.936267077922821,0.8864942789077759,0.9230769276618958,0.9763785600662231,0.28411006927490234,0.8705882430076599,0.9866666793823242
29,0.9158345460891724,0.9734855890274048,0.2192665934562683,0.9287833571434021,0.8994252681732178,0.8846153616905212,0.9764609336853027,0.25468575954437256,0.9672130942344666,0.7866666913032532
0,0.52781742811203,0.6672829389572144,0.6753421425819397,0.5162748694419861,0.8180515766143799,0.5064102411270142,0.8985614776611328,0.6182974576950073,0.48322147130966187,1.0
1,0.7703281044960022,0.8801832795143127,0.47553518414497375,0.7287104725837708,0.8581662178039551,0.8141025900840759,0.9168320894241333,0.3894155025482178,0.8909090757369995,0.6805555820465088
2,0.8580599427223206,0.9280197620391846,0.35641181468963623,0.8832565546035767,0.823782205581665,0.8141025900840759,0.9329530000686646,0.37916991114616394,0.957446813583374,0.625
3,0.851640522480011,0.932022750377655,0.3474801182746887,0.8964401483535767,0.7936962842941284,0.8525640964508057,0.9428737163543701,0.33549764752388,0.9622641801834106,0.7083333134651184
4,0.8666191101074219,0.9459963440895081,0.3120196759700775,0.8998435139656067,0.823782205581665,0.9038461446762085,0.9454364776611328,0.31597819924354553,0.9130434989929199,0.875
5,0.8744650483131409,0.948561429977417,0.30121222138404846,0.9065420627593994,0.8338108658790588,0.8525640964508057,0.9542824029922485,0.3119863271713257,0.9454545378684998,0.7222222089767456
6,0.8858773112297058,0.9536815881729126,0.2869856059551239,0.9051204919815063,0.8610315322875977,0.8205128312110901,0.9504795670509338,0.36892515420913696,0.9583333134651184,0.6388888955116272
7,0.8808844685554504,0.9561816453933716,0.278668075799942,0.9103555083274841,0.8438395261764526,0.8782051205635071,0.9604827761650085,0.2867651879787445,0.9491525292396545,0.7777777910232544
8,0.8815976977348328,0.9553126692771912,0.2822849750518799,0.907975435256958,0.8481375575065613,0.8589743375778198,0.9605655074119568,0.30080845952033997,0.9464285969734192,0.7361111044883728
9,0.883024275302887,0.9542778134346008,0.28143075108528137,0.9120370149612427,0.84670490026474,0.8205128312110901,0.9583333730697632,0.357286661863327,0.97826087474823,0.625
10,0.8758915662765503,0.9509465098381042,0.29096096754074097,0.9119496941566467,0.8309455513954163,0.8589743375778198,0.9623015522956848,0.2990049421787262,0.9629629850387573,0.7222222089767456
11,0.8851640224456787,0.956545889377594,0.27361607551574707,0.9137133955955505,0.8495702147483826,0.8782051205635071,0.9646164178848267,0.27389001846313477,0.9491525292396545,0.7777777910232544
12,0.8873038291931152,0.9545689225196838,0.2791682183742523,0.9128440618515015,0.8553008437156677,0.9102563858032227,0.9643684029579163,0.26971250772476196,0.939393937587738,0.8611111044883728
13,0.8808844685554504,0.9519100785255432,0.29371005296707153,0.9194312691688538,0.8338108658790588,0.9038461446762085,0.963789701461792,0.27720940113067627,0.9130434989929199,0.875
14,0.8937232494354248,0.9574799537658691,0.2678608298301697,0.9190839529037476,0.862464189529419,0.8717948794364929,0.9670965075492859,0.2873654365539551,0.9642857313156128,0.75
15,0.8858773112297058,0.9582552909851074,0.2668652832508087,0.9113149642944336,0.8538681864738464,0.8653846383094788,0.9689980149269104,0.29134225845336914,0.9636363387107849,0.7361111044883728
16,0.8844507932662964,0.9540560245513916,0.2840265929698944,0.9200627207756042,0.8409742116928101,0.8782051205635071,0.9556878209114075,0.34674882888793945,0.8354430198669434,0.9166666865348816
17,0.9022824764251709,0.9620781540870667,0.263957142829895,0.9192824959754944,0.8810888528823853,0.8717948794364929,0.97197425365448,0.27372047305107117,0.9642857313156128,0.75
18,0.9051355123519897,0.9685750007629395,0.2357042282819748,0.9299848079681396,0.8753581643104553,0.8717948794364929,0.9714781641960144,0.2849724590778351,0.9642857313156128,0.75
19,0.8965763449668884,0.9635586142539978,0.25394827127456665,0.9195750951766968,0.8681948184967041,0.9102563858032227,0.9624668955802917,0.26824048161506653,0.939393937587738,0.8611111044883728
20,0.9022824764251709,0.9684915542602539,0.23745742440223694,0.9218044877052307,0.8782234787940979,0.8717948794364929,0.9738756418228149,0.27376896142959595,0.9642857313156128,0.75
21,0.9051355123519897,0.9710190892219543,0.23010583221912384,0.9312977194786072,0.873925507068634,0.9230769276618958,0.9674272537231445,0.25311699509620667,0.9411764740943909,0.8888888955116272
22,0.9072753190994263,0.9695294499397278,0.2341752052307129,0.9277108311653137,0.8825215101242065,0.9102563858032227,0.9689152836799622,0.24459277093410492,0.939393937587738,0.8611111044883728
23,0.9108416438102722,0.9732443690299988,0.2169295698404312,0.9347496032714844,0.8825215101242065,0.9038461446762085,0.9723048806190491,0.23895442485809326,0.9384615421295166,0.8472222089767456
24,0.9051355123519897,0.9692943692207336,0.23305267095565796,0.9286798238754272,0.8767908215522766,0.8974359035491943,0.9683366417884827,0.30039262771606445,0.8500000238418579,0.9444444179534912
25,0.8980028629302979,0.9551030397415161,0.26583996415138245,0.9249616861343384,0.8653295040130615,0.8910256624221802,0.9706515073776245,0.2468557357788086,0.9508196711540222,0.8055555820465088
26,0.9151212573051453,0.971847414970398,0.2193973809480667,0.9393019676208496,0.8868194818496704,0.8782051205635071,0.9727182388305664,0.26142439246177673,0.9491525292396545,0.7777777910232544
27,0.8958630561828613,0.9639259576797485,0.25242480635643005,0.9312499761581421,0.8538681864738464,0.8974359035491943,0.9703207015991211,0.24084492027759552,0.9375,0.8333333134651184
28,0.9208273887634277,0.9745121598243713,0.21088145673274994,0.9413533806800842,0.8968481421470642,0.8974359035491943,0.9727181792259216,0.23219086229801178,0.9375,0.8333333134651184
29,0.9201140999794006,0.9746495485305786,0.20695845782756805,0.9439393877983093,0.8925501704216003,0.8974359035491943,0.9714781641960144,0.2383471578359604,0.9117646813392639,0.8611111044883728
0,0.5763195157051086,0.7341959476470947,0.6649636030197144,0.5428336262702942,0.9441260695457458,0.807692289352417,0.9167493581771851,0.5958477854728699,0.7441860437393188,0.8888888955116272
1,0.7617688775062561,0.8484549522399902,0.5072083473205566,0.747956395149231,0.7865329384803772,0.8141025900840759,0.9254298806190491,0.3943469822406769,0.7792207598686218,0.8333333134651184
2,0.8245363831520081,0.9119094014167786,0.3875741958618164,0.842424213886261,0.796561598777771,0.8782051205635071,0.9497354626655579,0.34168916940689087,0.8533333539962769,0.8888888955116272
3,0.8452211022377014,0.9275414943695068,0.35567575693130493,0.8751950263977051,0.8037249445915222,0.9038461446762085,0.951884925365448,0.30956995487213135,0.9523809552192688,0.8333333134651184
4,0.851640522480011,0.9306022524833679,0.34433892369270325,0.8734756112098694,0.8209168910980225,0.8589743375778198,0.9533730149269104,0.3261614441871643,0.9807692170143127,0.7083333134651184
5,0.8687589168548584,0.9348677396774292,0.33402177691459656,0.8870481848716736,0.8438395261764526,0.8653846383094788,0.9537037014961243,0.31502389907836914,0.8311688303947449,0.8888888955116272
6,0.8766048550605774,0.9433354735374451,0.30948173999786377,0.9044684171676636,0.8409742116928101,0.9166666865348816,0.9544477462768555,0.2834545969963074,0.9275362491607666,0.8888888955116272
7,0.8687589168548584,0.9452239871025085,0.3080764710903168,0.8966049551963806,0.8323782086372375,0.8846153616905212,0.9630456566810608,0.2704571783542633,0.949999988079071,0.7916666865348816
8,0.8858773112297058,0.9504082798957825,0.2929157316684723,0.915123462677002,0.8495702147483826,0.8589743375778198,0.958829402923584,0.3033827543258667,0.9629629850387573,0.7222222089767456
9,0.8858773112297058,0.9491658210754395,0.29082003235816956,0.9138461351394653,0.8510028719902039,0.9102563858032227,0.9685847163200378,0.25167274475097656,0.9264705777168274,0.875
10,0.8837375044822693,0.9475632905960083,0.2985301613807678,0.9046898484230042,0.856733500957489,0.8782051205635071,0.9522982835769653,0.3068714737892151,0.9818181991577148,0.75
11,0.8922967314720154,0.958491325378418,0.27377909421920776,0.9100449681282043,0.8696275353431702,0.8974359035491943,0.966269850730896,0.2555907368659973,0.9666666388511658,0.8055555820465088
12,0.9044222831726074,0.9662682414054871,0.24321843683719635,0.9285714030265808,0.8753581643104553,0.9038461446762085,0.9631283283233643,0.27700889110565186,0.8904109597206116,0.9027777910232544
13,0.8944365382194519,0.9659752249717712,0.2445726841688156,0.9141566157341003,0.8696275353431702,0.8974359035491943,0.971230149269104,0.23845437169075012,0.9666666388511658,0.8055555820465088
14,0.8972895741462708,0.9665389060974121,0.24461689591407776,0.9222561120986938,0.8667621612548828,0.8910256624221802,0.969990074634552,0.25360196828842163,0.9661017060279846,0.7916666865348816
15,0.9058488011360168,0.9677274227142334,0.23690177500247955,0.9211309552192688,0.8868194818496704,0.9102563858032227,0.9760251641273499,0.2361082136631012,0.9027777910232544,0.9027777910232544
16,0.9051355123519897,0.9655671715736389,0.23928076028823853,0.9248120188713074,0.8810888528823853,0.9294871687889099,0.9750330448150635,0.2183704376220703,0.9295774698257446,0.9166666865348816
17,0.9058488011360168,0.9706884026527405,0.22605016827583313,0.923652708530426,0.8839541673660278,0.8589743375778198,0.9728009700775146,0.28796321153640747,0.9807692170143127,0.7083333134651184
18,0.9058488011360168,0.963873028755188,0.24846717715263367,0.9223880767822266,0.8853868246078491,0.8846153616905212,0.9732142686843872,0.269141286611557,0.9821428656578064,0.7638888955116272
19,0.9087018370628357,0.9681598544120789,0.22768694162368774,0.9305136203765869,0.8825215101242065,0.8974359035491943,0.9761078357696533,0.22047781944274902,0.9375,0.8333333134651184
20,0.9243937134742737,0.9761514067649841,0.2016264796257019,0.9365781545639038,0.9097421169281006,0.9102563858032227,0.9794973731040955,0.2110779583454132,0.8918918967247009,0.9166666865348816
21,0.9315263628959656,0.9810446500778198,0.18362762033939362,0.9452662467956543,0.9154728055000305,0.9038461446762085,0.9782572984695435,0.20823612809181213,0.9523809552192688,0.8333333134651184
22,0.9279600381851196,0.9823979735374451,0.1768539547920227,0.9435364007949829,0.9097421169281006,0.9230769276618958,0.9817295074462891,0.1938435137271881,0.9411764740943909,0.8888888955116272
23,0.9236804842948914,0.97951740026474,0.18706955015659332,0.9390787482261658,0.9054441452026367,0.8974359035491943,0.9728835821151733,0.23565426468849182,0.9516128897666931,0.8194444179534912
24,0.9144079685211182,0.9734132885932922,0.21083632111549377,0.9352409839630127,0.889684796333313,0.9038461446762085,0.9799934029579163,0.21874618530273438,0.8904109597206116,0.9027777910232544
25,0.9115549325942993,0.9720619320869446,0.20936578512191772,0.9322289228439331,0.8868194818496704,0.9102563858032227,0.9737929701805115,0.22072356939315796,0.9264705777168274,0.875
26,0.9329529404640198,0.9811372756958008,0.178867906332016,0.9428152441978455,0.9212034344673157,0.8974359035491943,0.97817462682724,0.21763400733470917,0.9516128897666931,0.8194444179534912
27,0.9065620303153992,0.9715166091918945,0.215705007314682,0.9225037097930908,0.8868194818496704,0.9230769276618958,0.9839617013931274,0.1963324397802353,0.8947368264198303,0.9444444179534912
28,0.9279600381851196,0.9833046197891235,0.16971881687641144,0.9422222375869751,0.9111747741699219,0.9230769276618958,0.980076014995575,0.22371311485767365,0.9054054021835327,0.9305555820465088
29,0.9293866157531738,0.9792324304580688,0.18350835144519806,0.9437037110328674,0.9126074314117432,0.9166666865348816,0.9814814329147339,0.19340629875659943,0.9275362491607666,0.8888888955116272
0,0.5820257067680359,0.7386224865913391,0.6510875821113586,0.5456039309501648,0.952654242515564,0.8141025900840759,0.9332398176193237,0.545352578163147,0.7200000286102295,0.9863013625144958
1,0.8009985685348511,0.8748069405555725,0.45992711186408997,0.801152765750885,0.7977044582366943,0.8589743375778198,0.9390988349914551,0.3537968099117279,0.8493150472640991,0.8493150472640991
2,0.8345221281051636,0.9206192493438721,0.3632047474384308,0.8649921417236328,0.7905308604240417,0.8846153616905212,0.9441327452659607,0.31356918811798096,0.8985507488250732,0.8493150472640991
3,0.8587731719017029,0.9328479766845703,0.333254873752594,0.8880248665809631,0.8192252516746521,0.8717948794364929,0.9514771699905396,0.31147500872612,0.9491525292396545,0.767123281955719
4,0.8587731719017029,0.9368529915809631,0.3306247293949127,0.8929134011268616,0.8134863972663879,0.8910256624221802,0.9498266577720642,0.30681753158569336,0.8783783912658691,0.8904109597206116
5,0.851640522480011,0.9325599670410156,0.33914273977279663,0.8744257092475891,0.8192252516746521,0.9102563858032227,0.9507344961166382,0.28127726912498474,0.9275362491607666,0.8767123222351074
6,0.8651925921440125,0.9443378448486328,0.3125597834587097,0.9006308913230896,0.8192252516746521,0.8974359035491943,0.9536227583885193,0.27187642455101013,0.9384615421295166,0.835616409778595
7,0.8780313730239868,0.949691116809845,0.29288798570632935,0.910937488079071,0.8364418745040894,0.9102563858032227,0.9565109014511108,0.2686363756656647,0.9275362491607666,0.8767123222351074
8,0.8666191101074219,0.9428624510765076,0.3160873055458069,0.8971962332725525,0.8263988494873047,0.8974359035491943,0.9543653726577759,0.28045621514320374,0.9523809552192688,0.8219178318977356
9,0.8680456280708313,0.9444600939750671,0.30547505617141724,0.8938461542129517,0.8335724472999573,0.8974359035491943,0.9535402059555054,0.2763035297393799,0.9523809552192688,0.8219178318977356
10,0.8808844685554504,0.954423725605011,0.28236013650894165,0.9153605103492737,0.8378766179084778,0.8974359035491943,0.9617098569869995,0.26056116819381714,0.9523809552192688,0.8219178318977356
11,0.8737517595291138,0.9476631879806519,0.2922609746456146,0.9037266969680786,0.8350071907043457,0.8910256624221802,0.9641855955123901,0.27755826711654663,0.9516128897666931,0.8082191944122314
12,0.8851640224456787,0.9592183232307434,0.27116283774375916,0.9148606657981873,0.8479196429252625,0.9038461446762085,0.953045129776001,0.2708551287651062,0.9142857193946838,0.8767123222351074
13,0.8815976977348328,0.9556549787521362,0.2726440727710724,0.9154929518699646,0.8393113613128662,0.9038461446762085,0.9693018794059753,0.24371498823165894,0.9264705777168274,0.8630136847496033
14,0.8951497673988342,0.9614365100860596,0.2598002254962921,0.9116766452789307,0.8737446069717407,0.8846153616905212,0.9611321687698364,0.27496984601020813,0.9661017060279846,0.7808219194412231
15,0.8708987236022949,0.9524599313735962,0.2844674587249756,0.9069400429725647,0.8249641060829163,0.9038461446762085,0.9738405346870422,0.2582758665084839,0.9027777910232544,0.8904109597206116
16,0.9008558988571167,0.964783251285553,0.24895043671131134,0.9240121841430664,0.8723099231719971,0.9038461446762085,0.9682290554046631,0.24832329154014587,0.9677419066429138,0.8219178318977356
17,0.8865906000137329,0.9608128666877747,0.25834083557128906,0.907575786113739,0.8593974113464355,0.8846153616905212,0.9594817757606506,0.2601298987865448,0.9508196711540222,0.7945205569267273
18,0.8987160921096802,0.9650039076805115,0.24618104100227356,0.9249616861343384,0.8665710091590881,0.8846153616905212,0.9746657609939575,0.2416517585515976,0.9508196711540222,0.7945205569267273
19,0.8894436359405518,0.9655564427375793,0.24114163219928741,0.9131097793579102,0.8593974113464355,0.8653846383094788,0.9664136171340942,0.3183755576610565,0.9814814925193787,0.7260273694992065
20,0.9051355123519897,0.9708446860313416,0.2268596589565277,0.9285714030265808,0.8766140341758728,0.8974359035491943,0.9758210778236389,0.22064624726772308,0.9523809552192688,0.8219178318977356
21,0.9101284146308899,0.9690130352973938,0.23080354928970337,0.9280359745025635,0.8880918025970459,0.8846153616905212,0.9767287969589233,0.2323758602142334,0.9508196711540222,0.7945205569267273
22,0.9065620303153992,0.9700682759284973,0.22516734898090363,0.932721734046936,0.8751793503761292,0.9038461446762085,0.9781316518783569,0.21238212287425995,0.9027777910232544,0.8904109597206116
23,0.9001426696777344,0.9697691202163696,0.22882679104804993,0.9162929654121399,0.8794835209846497,0.8910256624221802,0.9778841137886047,0.2280418872833252,0.9666666388511658,0.7945205569267273
24,0.9058488011360168,0.9706889390945435,0.22178207337856293,0.9286798238754272,0.8780487775802612,0.9230769276618958,0.9741705656051636,0.23173192143440247,0.8961039185523987,0.9452054500579834
25,0.9129814505577087,0.9747335910797119,0.20992602407932281,0.931034505367279,0.8909612894058228,0.8846153616905212,0.9787918925285339,0.24064044654369354,0.9661017060279846,0.7808219194412231
26,0.9151212573051453,0.9736672639846802,0.21031412482261658,0.9339339137077332,0.8923959732055664,0.8974359035491943,0.9788743257522583,0.2066122442483902,0.9523809552192688,0.8219178318977356
27,0.9087018370628357,0.972320020198822,0.21351806819438934,0.927819550037384,0.8852223753929138,0.9038461446762085,0.9794520139694214,0.20212042331695557,0.9142857193946838,0.8767123222351074
28,0.9129814505577087,0.9751294851303101,0.20782823860645294,0.931034505367279,0.8909612894058228,0.8782051205635071,0.9702920913696289,0.23983033001422882,0.9354838728904724,0.7945205569267273
29,0.9208273887634277,0.9761114120483398,0.20057635009288788,0.9439393877983093,0.8938307166099548,0.8974359035491943,0.9826704263687134,0.20377689599990845,0.9523809552192688,0.8219178318977356
0,0.6048502326011658,0.7866387367248535,0.6119750738143921,0.5629496574401855,0.9020172953605652,0.807692289352417,0.8990954160690308,0.4653306007385254,0.8285714387893677,0.7631579041481018
1,0.7867332100868225,0.8623268604278564,0.460282564163208,0.7925925850868225,0.770893394947052,0.8525640964508057,0.9361842274665833,0.38331153988838196,0.8840579986572266,0.8026315569877625
2,0.820256769657135,0.9015685319900513,0.3998594582080841,0.847484290599823,0.7766570448875427,0.7820512652397156,0.9229440689086914,0.42601263523101807,0.9772727489471436,0.5657894611358643
3,0.8537803292274475,0.9232128262519836,0.35135915875434875,0.8838304281234741,0.8112391829490662,0.8782051205635071,0.9400493502616882,0.34935638308525085,0.8607594966888428,0.8947368264198303
4,0.8552068471908569,0.9320456385612488,0.3442157208919525,0.892799973487854,0.8040345907211304,0.8846153616905212,0.9443256855010986,0.31882187724113464,0.9142857193946838,0.8421052694320679
5,0.8630527853965759,0.9361994862556458,0.32251062989234924,0.9022436141967773,0.8112391829490662,0.8461538553237915,0.9542762041091919,0.31954213976860046,0.9642857313156128,0.7105262875556946
6,0.8780313730239868,0.9471437335014343,0.30664581060409546,0.9079563021659851,0.8386167287826538,0.8333333134651184,0.9564967155456543,0.33613356947898865,0.9629629850387573,0.6842105388641357
7,0.8616262674331665,0.9323926568031311,0.3345198333263397,0.8993610143661499,0.8112391829490662,0.8525640964508057,0.9592927694320679,0.31216269731521606,0.9649122953414917,0.7236841917037964
8,0.8815976977348328,0.9548307061195374,0.2827425003051758,0.909937858581543,0.8443803787231445,0.9038461446762085,0.9638157486915588,0.26883724331855774,0.9552238583564758,0.8421052694320679
9,0.883024275302887,0.9555573463439941,0.27665457129478455,0.9166666865348816,0.8400576114654541,0.9038461446762085,0.9597861766815186,0.2674350142478943,0.9295774698257446,0.8684210777282715
10,0.8815976977348328,0.9564476609230042,0.2765079438686371,0.9061538577079773,0.848703145980835,0.8461538553237915,0.9673519730567932,0.33115068078041077,0.9814814925193787,0.6973684430122375
11,0.8880171179771423,0.9533165693283081,0.28266555070877075,0.9215070605278015,0.8458213210105896,0.8653846383094788,0.9612665176391602,0.2720060646533966,0.9230769276618958,0.7894737124443054
12,0.8780313730239868,0.9514960646629333,0.28439396619796753,0.9066873788833618,0.8400576114654541,0.8589743375778198,0.9637335538864136,0.29723846912384033,0.9821428656578064,0.7236841917037964
13,0.8873038291931152,0.9538192749023438,0.27628281712532043,0.9240506291389465,0.8414985537528992,0.8782051205635071,0.9676809310913086,0.25657787919044495,0.9130434989929199,0.8289473652839661
14,0.8922967314720154,0.9594313502311707,0.2614734172821045,0.915773332118988,0.8616714477539062,0.8269230723381042,0.9666941165924072,0.35118383169174194,0.9803921580314636,0.6578947305679321
15,0.8887304067611694,0.958694577217102,0.26396459341049194,0.9190031290054321,0.85014408826828,0.9038461446762085,0.964062511920929,0.26168158650398254,0.9420289993286133,0.8552631735801697
16,0.8894436359405518,0.9589652419090271,0.2632434070110321,0.9064856767654419,0.8659942150115967,0.8205128312110901,0.9651316404342651,0.39627382159233093,0.9800000190734863,0.6447368264198303
17,0.8887304067611694,0.9547604918479919,0.26983022689819336,0.915123462677002,0.8544668555259705,0.8461538553237915,0.9717927575111389,0.2743781805038452,0.9482758641242981,0.7236841917037964
18,0.8858773112297058,0.9589764475822449,0.2641375660896301,0.9095091819763184,0.8544668555259705,0.8653846383094788,0.9689145088195801,0.27885541319847107,0.9661017060279846,0.75
19,0.8951497673988342,0.9635047316551208,0.2489957958459854,0.9150227904319763,0.8688760995864868,0.8782051205635071,0.9699835777282715,0.25657716393470764,0.9253731369972229,0.8157894611358643
20,0.9001426696777344,0.9654585719108582,0.24074693024158478,0.9184290170669556,0.8760806918144226,0.8717948794364929,0.9699835777282715,0.26365265250205994,0.9375,0.7894737124443054
21,0.9072753190994263,0.9674978256225586,0.2319420427083969,0.9246987700462341,0.8847262263298035,0.8974359035491943,0.9625822901725769,0.2645586133003235,0.9411764740943909,0.8421052694320679
22,0.9058488011360168,0.967433750629425,0.23219572007656097,0.9283536672592163,0.8775216341018677,0.8717948794364929,0.9722862243652344,0.23773643374443054,0.8888888955116272,0.8421052694320679
23,0.9029957056045532,0.968657910823822,0.23301254212856293,0.921450138092041,0.878962516784668,0.8525640964508057,0.9683387875556946,0.2813895344734192,0.9491525292396545,0.7368420958518982
24,0.9108416438102722,0.9685388207435608,0.22790999710559845,0.9304084777832031,0.8861671686172485,0.9102563858032227,0.9682565927505493,0.24698506295681,0.9305555820465088,0.8815789222717285
25,0.9122681617736816,0.9716863632202148,0.2182859480381012,0.9280359745025635,0.8919308185577393,0.8974359035491943,0.9685855507850647,0.23551182448863983,0.8947368264198303,0.8947368264198303
26,0.9194008708000183,0.9725390672683716,0.214238703250885,0.9381598830223083,0.8962535858154297,0.8653846383094788,0.9718749523162842,0.25410154461860657,0.9508196711540222,0.7631579041481018
27,0.9008558988571167,0.9683403968811035,0.23303544521331787,0.9275808930397034,0.8674351572990417,0.8461538553237915,0.9643092155456543,0.31005728244781494,0.9814814925193787,0.6973684430122375
28,0.9029957056045532,0.9705343246459961,0.22781594097614288,0.9253048896789551,0.8746397495269775,0.8589743375778198,0.9730263352394104,0.24854645133018494,0.9090909361839294,0.7894737124443054
29,0.9044222831726074,0.9640074372291565,0.24249103665351868,0.9229606986045837,0.880403459072113,0.8974359035491943,0.9710526466369629,0.23691746592521667,0.9054054021835327,0.8815789222717285
0,0.6027104258537292,0.8046762943267822,0.6334803700447083,0.5595942735671997,0.9484240412712097,0.7179487347602844,0.860615074634552,0.5589789748191833,1.0,0.3888888955116272
1,0.7845934629440308,0.867377758026123,0.4640618860721588,0.7946428656578064,0.7650429606437683,0.7564102411270142,0.9355158805847168,0.4435669481754303,0.9722222089767456,0.4861111044883728
2,0.8366619348526001,0.9082982540130615,0.38859087228775024,0.8764045238494873,0.7822349667549133,0.8846153616905212,0.9495700597763062,0.32466962933540344,0.9354838728904724,0.8055555820465088
3,0.8573466539382935,0.9366981983184814,0.33494070172309875,0.8964968323707581,0.8065902590751648,0.8397436141967773,0.9379133582115173,0.38038820028305054,0.7764706015586853,0.9166666865348816
4,0.871612012386322,0.9355871081352234,0.3312074840068817,0.8984615206718445,0.8366762399673462,0.8782051205635071,0.9486607313156128,0.3040447235107422,0.9649122953414917,0.7638888955116272
5,0.8766048550605774,0.9472295045852661,0.3029859960079193,0.9120879173278809,0.8323782086372375,0.8333333134651184,0.9571759104728699,0.33713579177856445,0.9599999785423279,0.6666666865348816
6,0.8823109865188599,0.9514420628547668,0.2907171845436096,0.9131782650947571,0.8438395261764526,0.8974359035491943,0.9447751045227051,0.31735581159591675,0.8999999761581421,0.875
7,0.8766048550605774,0.9503939747810364,0.29445767402648926,0.9069767594337463,0.8381088972091675,0.9102563858032227,0.9532903432846069,0.28146812319755554,0.9264705777168274,0.875
8,0.8815976977348328,0.9514684677124023,0.29406413435935974,0.9067278504371643,0.8495702147483826,0.8974359035491943,0.9519675374031067,0.284798264503479,0.9375,0.8333333134651184
9,0.8766048550605774,0.9470900297164917,0.30181458592414856,0.9146919250488281,0.829512894153595,0.9166666865348816,0.9597387313842773,0.28055211901664734,0.9275362491607666,0.8888888955116272
10,0.8787446618080139,0.953319251537323,0.2837167978286743,0.9024389982223511,0.8481375575065613,0.8525640964508057,0.952380895614624,0.31911078095436096,0.9803921580314636,0.6944444179534912
11,0.8901569247245789,0.9585168361663818,0.27227166295051575,0.9096385836601257,0.8653295040130615,0.8333333134651184,0.9501487612724304,0.3412697911262512,0.9791666865348816,0.6527777910232544
12,0.8873038291931152,0.9478603601455688,0.29194995760917664,0.9285714030265808,0.8381088972091675,0.8846153616905212,0.9551917910575867,0.2826828956604004,0.9354838728904724,0.8055555820465088
13,0.9051355123519897,0.9653311371803284,0.24809271097183228,0.9286798238754272,0.8767908215522766,0.8974359035491943,0.9514715671539307,0.2866986095905304,0.9242424368858337,0.8472222089767456
14,0.9001426696777344,0.9629572629928589,0.2515985369682312,0.9201807379722595,0.8753581643104553,0.8269230723381042,0.9463459253311157,0.3503390848636627,0.9591836929321289,0.6527777910232544
15,0.8972895741462708,0.9629409909248352,0.2544473111629486,0.9209726452827454,0.8681948184967041,0.8589743375778198,0.9563491344451904,0.30106720328330994,0.9464285969734192,0.7361111044883728
16,0.8994293808937073,0.9652435779571533,0.2477908730506897,0.9278033971786499,0.8653295040130615,0.8653846383094788,0.9661045074462891,0.2748158276081085,0.9473684430122375,0.75
17,0.9022824764251709,0.9666396975517273,0.24264837801456451,0.9256449341773987,0.873925507068634,0.8846153616905212,0.9543650150299072,0.2800990641117096,0.921875,0.8194444179534912
18,0.9101284146308899,0.971563458442688,0.22948694229125977,0.9281437397003174,0.8882521390914917,0.8653846383094788,0.961144208908081,0.29992392659187317,0.9473684430122375,0.75
19,0.9158345460891724,0.9715807437896729,0.22350959479808807,0.9315476417541504,0.8968481421470642,0.8589743375778198,0.9576719403266907,0.28658434748649597,0.931034505367279,0.75
20,0.9087018370628357,0.9692455530166626,0.2306872010231018,0.9357798099517822,0.8767908215522766,0.8974359035491943,0.9620535969734192,0.26825326681137085,0.9242424368858337,0.8472222089767456
21,0.8972895741462708,0.9634304642677307,0.247134268283844,0.9196969866752625,0.8696275353431702,0.9230769276618958,0.9606481194496155,0.30437707901000977,0.9054054021835327,0.9305555820465088
22,0.9087018370628357,0.9681873321533203,0.22996701300144196,0.9215976595878601,0.8925501704216003,0.8333333134651184,0.943039059638977,0.40415361523628235,1.0,0.6388888955116272
23,0.9044222831726074,0.9701948761940002,0.23105525970458984,0.9234234094619751,0.8810888528823853,0.8525640964508057,0.9628802537918091,0.3078749179840088,0.9298245906829834,0.7361111044883728
24,0.9079886078834534,0.9688517451286316,0.23158755898475647,0.9291101098060608,0.8825215101242065,0.8653846383094788,0.9655258059501648,0.27285870909690857,0.9180327653884888,0.7777777910232544
25,0.9215406775474548,0.9776329398155212,0.19546669721603394,0.9362017512321472,0.9040114879608154,0.8846153616905212,0.9589946866035461,0.27832043170928955,0.9090909361839294,0.8333333134651184
26,0.8987160921096802,0.9623518586158752,0.24646596610546112,0.9330217838287354,0.8581662178039551,0.9102563858032227,0.9623016119003296,0.2832833230495453,0.8815789222717285,0.9305555820465088
27,0.9037089943885803,0.9675585031509399,0.23554998636245728,0.9220389723777771,0.8810888528823853,0.8653846383094788,0.9651950597763062,0.2736341059207916,0.9322034120559692,0.7638888955116272
28,0.9258202314376831,0.9792720675468445,0.1868032068014145,0.9419642686843872,0.906876802444458,0.8846153616905212,0.9704034328460693,0.2576650083065033,0.9354838728904724,0.8055555820465088
29,0.9251070022583008,0.9787104725837708,0.19272595643997192,0.9431988000869751,0.9040114879608154,0.8846153616905212,0.9721395969390869,0.2524200677871704,0.9354838728904724,0.8055555820465088
